id,geometry,country,count
AUT,"POLYGON ((16.979667 48.123497, 16.903754 47.714866, 16.340584 47.712902, 16.534268 47.496171, 16.202298 46.852386, 16.011664 46.683611, 15.137092 46.658703, 14.632472 46.431817, 13.806475 46.509306, 12.376485 46.767559, 12.153088 47.115393, 11.164828 46.941579, 11.048556 46.751359, 10.442701 46.893546, 9.932448 46.920728, 9.47997 47.10281, 9.632932 47.347601, 9.594226 47.525058, 9.896068 47.580197, 10.402084 47.302488, 10.544504 47.566399, 11.426414 47.523766, 12.141357 47.703083, 12.62076 47.672388, 12.932627 47.467646, 13.025851 47.637584, 12.884103 48.289146, 13.243357 48.416115, 13.595946 48.877172, 14.338898 48.555305, 14.901447 48.964402, 15.253416 49.039074, 16.029647 48.733899, 16.499283 48.785808, 16.960288 48.596982, 16.879983 48.470013, 16.979667 48.123497))",Austria,30.0
BEL,"POLYGON ((3.314971 51.345781, 4.047071 51.267259, 4.973991 51.475024, 5.606976 51.037298, 6.156658 50.803721, 6.043073 50.128052, 5.782417 50.090328, 5.674052 49.529484, 4.799222 49.985373, 4.286023 49.907497, 3.588184 50.378992, 3.123252 50.780363, 2.658422 50.796848, 2.513573 51.148506, 3.314971 51.345781))",Belgium,829.0
BRA,"POLYGON ((-57.625133 -30.216295, -56.2909 -28.852761, -55.162286 -27.881915, -54.490725 -27.474757, -53.648735 -26.923473, -53.628349 -26.124865, -54.13005 -25.547639, -54.625291 -25.739255, -54.428946 -25.162185, -54.293476 -24.5708, -54.29296 -24.021014, -54.652834 -23.839578, -55.027902 -24.001274, -55.400747 -23.956935, -55.517639 -23.571998, -55.610683 -22.655619, -55.797958 -22.35693, -56.473317 -22.0863, -56.88151 -22.282154, -57.937156 -22.090176, -57.870674 -20.732688, -58.166392 -20.176701, -57.853802 -19.969995, -57.949997 -19.400004, -57.676009 -18.96184, -57.498371 -18.174188, -57.734558 -17.552468, -58.280804 -17.27171, -58.388058 -16.877109, -58.24122 -16.299573, -60.15839 -16.258284, -60.542966 -15.09391, -60.251149 -15.077219, -60.264326 -14.645979, -60.459198 -14.354007, -60.503304 -13.775955, -61.084121 -13.479384, -61.713204 -13.489202, -62.127081 -13.198781, -62.80306 -13.000653, -63.196499 -12.627033, -64.316353 -12.461978, -65.402281 -11.56627, -65.321899 -10.895872, -65.444837 -10.511451, -65.338435 -9.761988, -66.646908 -9.931331, -67.173801 -10.306812, -68.048192 -10.712059, -68.271254 -11.014521, -68.786158 -11.03638, -69.529678 -10.951734, -70.093752 -11.123972, -70.548686 -11.009147, -70.481894 -9.490118, -71.302412 -10.079436, -72.184891 -10.053598, -72.563033 -9.520194, -73.226713 -9.462213, -73.015383 -9.032833, -73.571059 -8.424447, -73.987235 -7.52383, -73.723401 -7.340999, -73.724487 -6.918595, -73.120027 -6.629931, -73.219711 -6.089189, -72.964507 -5.741251, -72.891928 -5.274561, -71.748406 -4.593983, -70.928843 -4.401591, -70.794769 -4.251265, -69.893635 -4.298187, -69.444102 -1.556287, -69.420486 -1.122619, -69.577065 -0.549992, -70.020656 -0.185156, -70.015566 0.541414, -69.452396 0.706159, -69.252434 0.602651, -69.218638 0.985677, -69.804597 1.089081, -69.816973 1.714805, -67.868565 1.692455, -67.53781 2.037163, -67.259998 1.719999, -67.065048 1.130112, -66.876326 1.253361, -66.325765 0.724452, -65.548267 0.789254, -65.354713 1.095282, -64.611012 1.328731, -64.199306 1.492855, -64.083085 1.916369, -63.368788 2.2009, -63.422867 2.411068, -64.269999 2.497006, -64.408828 3.126786, -64.368494 3.79721, -64.816064 4.056445, -64.628659 4.148481, -63.888343 4.02053, -63.093198 3.770571, -62.804533 4.006965, -62.08543 4.162124, -60.966893 4.536468, -60.601179 4.918098, -60.733574 5.200277, -60.213683 5.244486, -59.980959 5.014061, -60.111002 4.574967, -59.767406 4.423503, -59.53804 3.958803, -59.815413 3.606499, -59.974525 2.755233, -59.718546 2.24963, -59.646044 1.786894, -59.030862 1.317698, -58.540013 1.268088, -58.429477 1.463942, -58.11345 1.507195, -57.660971 1.682585, -57.335823 1.948538, -56.782704 1.863711, -56.539386 1.899523, -55.995698 1.817667, -55.9056 2.021996, -56.073342 2.220795, -55.973322 2.510364, -55.569755 2.421506, -55.097587 2.523748, -54.524754 2.311849, -54.088063 2.105557, -53.778521 2.376703, -53.554839 2.334897, -53.418465 2.053389, -52.939657 2.124858, -52.556425 2.504705, -52.249338 3.241094, -51.657797 4.156232, -51.317146 4.203491, -51.069771 3.650398, -50.508875 1.901564, -49.974076 1.736483, -49.947101 1.04619, -50.699251 0.222984, -50.388211 -0.078445, -48.620567 -0.235489, -48.584497 -1.237805, -47.824956 -0.581618, -46.566584 -0.941028, -44.905703 -1.55174, -44.417619 -2.13775, -44.581589 -2.691308, -43.418791 -2.38311, -41.472657 -2.912018, -39.978665 -2.873054, -38.500383 -3.700652, -37.223252 -4.820946, -36.452937 -5.109404, -35.597796 -5.149504, -35.235389 -5.464937, -34.89603 -6.738193, -34.729993 -7.343221, -35.128212 -8.996401, -35.636967 -9.649282, -37.046519 -11.040721, -37.683612 -12.171195, -38.423877 -13.038119, -38.673887 -13.057652, -38.953276 -13.79337, -38.882298 -15.667054, -39.161092 -17.208407, -39.267339 -17.867746, -39.583521 -18.262296, -39.760823 -19.599113, -40.774741 -20.904512, -40.944756 -21.937317, -41.754164 -22.370676, -41.988284 -22.97007, -43.074704 -22.967693, -44.647812 -23.351959, -45.352136 -23.796842, -46.472093 -24.088969, -47.648972 -24.885199, -48.495458 -25.877025, -48.641005 -26.623698, -48.474736 -27.175912, -48.66152 -28.186135, -48.888457 -28.674115, -49.587329 -29.224469, -50.696874 -30.984465, -51.576226 -31.777698, -52.256081 -32.24537, -52.7121 -33.196578, -53.373662 -33.768378, -53.650544 -33.202004, -53.209589 -32.727666, -53.787952 -32.047243, -54.572452 -31.494511, -55.60151 -30.853879, -55.973245 -30.883076, -56.976026 -30.109686, -57.625133 -30.216295))",Brazil,2.0
CAN,"MULTIPOLYGON (((-63.6645 46.55001, -62.9393 46.41587, -62.01208 46.44314, -62.50391 46.03339, -62.87433 45.96818, -64.1428 46.39265, -64.39261 46.72747, -64.01486 47.03601, -63.6645 46.55001)), ((-61.806305 49.10506, -62.29318 49.08717, -63.58926 49.40069, -64.51912 49.87304, -64.17322 49.95718, -62.85829 49.70641, -61.835585 49.28855, -61.806305 49.10506)), ((-123.510002 48.510011, -124.012891 48.370846, -125.655013 48.825005, -125.954994 49.179996, -126.850004 49.53, -127.029993 49.814996, -128.059336 49.994959, -128.444584 50.539138, -128.358414 50.770648, -127.308581 50.552574, -126.695001 50.400903, -125.755007 50.295018, -125.415002 49.950001, -124.920768 49.475275, -123.922509 49.062484, -123.510002 48.510011)), ((-56.134036 50.68701, -56.795882 49.812309, -56.143105 50.150117, -55.471492 49.935815, -55.822401 49.587129, -54.935143 49.313011, -54.473775 49.556691, -53.476549 49.249139, -53.786014 48.516781, -53.086134 48.687804, -52.958648 48.157164, -52.648099 47.535548, -53.069158 46.655499, -53.521456 46.618292, -54.178936 46.807066, -53.961869 47.625207, -54.240482 47.752279, -55.400773 46.884994, -55.997481 46.91972, -55.291219 47.389562, -56.250799 47.632545, -57.325229 47.572807, -59.266015 47.603348, -59.419494 47.899454, -58.796586 48.251525, -59.231625 48.523188, -58.391805 49.125581, -57.35869 50.718274, -56.73865 51.287438, -55.870977 51.632094, -55.406974 51.588273, -55.600218 51.317075, -56.134036 50.68701)), ((-132.710008 54.040009, -132.710009 54.040009, -132.710008 54.040009, -132.710008 54.040009, -131.74999 54.120004, -132.04948 52.984621, -131.179043 52.180433, -131.57783 52.182371, -132.180428 52.639707, -132.549992 53.100015, -133.054611 53.411469, -133.239664 53.85108, -133.180004 54.169975, -132.710008 54.040009)), ((-79.26582 62.158675, -79.65752 61.63308, -80.09956 61.7181, -80.36215 62.01649, -80.315395 62.085565, -79.92939 62.3856, -79.52002 62.36371, -79.26582 62.158675)), ((-81.89825 62.7108, -83.06857 62.15922, -83.77462 62.18231, -83.99367 62.4528, -83.25048 62.91409, -81.87699 62.90458, -81.89825 62.7108)), ((-85.161308 65.657285, -84.975764 65.217518, -84.464012 65.371772, -83.882626 65.109618, -82.787577 64.766693, -81.642014 64.455136, -81.55344 63.979609, -80.817361 64.057486, -80.103451 63.725981, -80.99102 63.411246, -82.547178 63.651722, -83.108798 64.101876, -84.100417 63.569712, -85.523405 63.052379, -85.866769 63.637253, -87.221983 63.541238, -86.35276 64.035833, -86.224886 64.822917, -85.883848 65.738778, -85.161308 65.657285)), ((-75.86588 67.14886, -76.98687 67.09873, -77.2364 67.58809, -76.81166 68.14856, -75.89521 68.28721, -75.1145 68.01036, -75.10333 67.58202, -75.21597 67.44425, -75.86588 67.14886)), ((-95.647681 69.10769, -96.269521 68.75704, -97.617401 69.06003, -98.431801 68.9507, -99.797401 69.40003, -98.917401 69.71003, -98.218261 70.14354, -97.157401 69.86003, -96.557401 69.68003, -96.257401 69.49003, -95.647681 69.10769)), ((-90.5471 69.49766, -90.55151 68.47499, -89.21515 69.25873, -88.01966 68.61508, -88.31749 67.87338, -87.35017 67.19872, -86.30607 67.92146, -85.57664 68.78456, -85.52197 69.88211, -84.10081 69.80539, -82.62258 69.65826, -81.28043 69.16202, -81.2202 68.66567, -81.96436 68.13253, -81.25928 67.59716, -81.38653 67.11078, -83.34456 66.41154, -84.73542 66.2573, -85.76943 66.55833, -86.0676 66.05625, -87.03143 65.21297, -87.32324 64.77563, -88.48296 64.09897, -89.91444 64.03273, -90.70398 63.61017, -90.77004 62.96021, -91.93342 62.83508, -93.15698 62.02469, -94.24153 60.89865, -94.62931 60.11021, -94.6846 58.94882, -93.21502 58.78212, -92.76462 57.84571, -92.29703 57.08709, -90.89769 57.28468, -89.03953 56.85172, -88.03978 56.47162, -87.32421 55.99914, -86.07121 55.72383, -85.01181 55.3026, -83.36055 55.24489, -82.27285 55.14832, -82.4362 54.28227, -82.12502 53.27703, -81.40075 52.15788, -79.91289 51.20842, -79.14301 51.53393, -78.60191 52.56208, -79.12421 54.14145, -79.82958 54.66772, -78.22874 55.13645, -77.0956 55.83741, -76.54137 56.53423, -76.62319 57.20263, -77.30226 58.05209, -78.51688 58.80458, -77.33676 59.85261, -77.77272 60.75788, -78.10687 62.31964, -77.41067 62.55053, -75.69621 62.2784, -74.6682 62.18111, -73.83988 62.4438, -72.90853 62.10507, -71.67708 61.52535, -71.37369 61.13717, -69.59042 61.06141, -69.62033 60.22125, -69.2879 58.95736, -68.37455 58.80106, -67.64976 58.21206, -66.20178 58.76731, -65.24517 59.87071, -64.58352 60.33558, -63.80475 59.4426, -62.50236 58.16708, -61.39655 56.96745, -61.79866 56.33945, -60.46853 55.77548, -59.56962 55.20407, -57.97508 54.94549, -57.3332 54.6265, -56.93689 53.78032, -56.15811 53.64749, -55.75632 53.27036, -55.68338 52.14664, -56.40916 51.7707, -57.12691 51.41972, -58.77482 51.0643, -60.03309 50.24277, -61.72366 50.08046, -63.86251 50.29099, -65.36331 50.2982, -66.39905 50.22897, -67.23631 49.51156, -68.51114 49.06836, -69.95362 47.74488, -71.10458 46.82171, -70.25522 46.98606, -68.65 48.3, -66.55243 49.1331, -65.05626 49.23278, -64.17099 48.74248, -65.11545 48.07085, -64.79854 46.99297, -64.47219 46.23849, -63.17329 45.73902, -61.52072 45.88377, -60.51815 47.00793, -60.4486 46.28264, -59.80287 45.9204, -61.03988 45.26525, -63.25471 44.67014, -64.24656 44.26553, -65.36406 43.54523, -66.1234 43.61867, -66.16173 44.46512, -64.42549 45.29204, -66.02605 45.25931, -67.13741 45.13753, -67.79134 45.70281, -67.79046 47.06636, -68.23444 47.35486, -68.905 47.185, -69.237216 47.447781, -69.99997 46.69307, -70.305 45.915, -70.66 45.46, -71.08482 45.30524, -71.405 45.255, -71.50506 45.0082, -73.34783 45.00738, -74.867 45.00048, -75.31821 44.81645, -76.375 44.09631, -76.5 44.018459, -76.820034 43.628784, -77.737885 43.629056, -78.72028 43.625089, -79.171674 43.466339, -79.01 43.27, -78.92 42.965, -78.939362 42.863611, -80.247448 42.3662, -81.277747 42.209026, -82.439278 41.675105, -82.690089 41.675105, -83.02981 41.832796, -83.142 41.975681, -83.12 42.08, -82.9 42.43, -82.43 42.98, -82.137642 43.571088, -82.337763 44.44, -82.550925 45.347517, -83.592851 45.816894, -83.469551 45.994686, -83.616131 46.116927, -83.890765 46.116927, -84.091851 46.275419, -84.14212 46.512226, -84.3367 46.40877, -84.6049 46.4396, -84.543749 46.538684, -84.779238 46.637102, -84.87608 46.900083, -85.652363 47.220219, -86.461991 47.553338, -87.439793 47.94, -88.378114 48.302918, -89.272917 48.019808, -89.6 48.01, -90.83 48.27, -91.64 48.14, -92.61 48.45, -93.63087 48.60926, -94.32914 48.67074, -94.64 48.84, -94.81758 49.38905, -95.15609 49.38425, -95.15907 49, -97.22872 49.0007, -100.65 49, -104.04826 48.99986, -107.05 49, -110.05 49, -113 49, -116.04818 49, -117.03121 49, -120 49, -122.84 49, -122.97421 49.002538, -124.91024 49.98456, -125.62461 50.41656, -127.43561 50.83061, -127.99276 51.71583, -127.85032 52.32961, -129.12979 52.75538, -129.30523 53.56159, -130.51497 54.28757, -130.53611 54.80278, -129.98 55.285, -130.00778 55.91583, -131.70781 56.55212, -132.73042 57.69289, -133.35556 58.41028, -134.27111 58.86111, -134.945 59.27056, -135.47583 59.78778, -136.47972 59.46389, -137.4525 58.905, -138.34089 59.56211, -139.039 60, -140.013 60.27682, -140.99778 60.30639, -140.9925 66.00003, -140.986 69.712, -139.12052 69.47102, -137.54636 68.99002, -136.50358 68.89804, -135.62576 69.31512, -134.41464 69.62743, -132.92925 69.50534, -131.43136 69.94451, -129.79471 70.19369, -129.10773 69.77927, -128.36156 70.01286, -128.13817 70.48384, -127.44712 70.37721, -125.75632 69.48058, -124.42483 70.1584, -124.28968 69.39969, -123.06108 69.56372, -122.6835 69.85553, -121.47226 69.79778, -119.94288 69.37786, -117.60268 69.01128, -116.22643 68.84151, -115.2469 68.90591, -113.89794 68.3989, -115.30489 67.90261, -113.49727 67.68815, -110.798 67.80612, -109.94619 67.98104, -108.8802 67.38144, -107.79239 67.88736, -108.81299 68.31164, -108.16721 68.65392, -106.95 68.7, -106.15 68.8, -105.34282 68.56122, -104.33791 68.018, -103.22115 68.09775, -101.45433 67.64689, -99.90195 67.80566, -98.4432 67.78165, -98.5586 68.40394, -97.66948 68.57864, -96.11991 68.23939, -96.12588 67.29338, -95.48943 68.0907, -94.685 68.06383, -94.23282 69.06903, -95.30408 69.68571, -96.47131 70.08976, -96.39115 71.19482, -95.2088 71.92053, -93.88997 71.76015, -92.87818 71.31869, -91.51964 70.19129, -92.40692 69.69997, -90.5471 69.49766)), ((-114.16717 73.12145, -114.66634 72.65277, -112.44102 72.9554, -111.05039 72.4504, -109.92035 72.96113, -109.00654 72.63335, -108.18835 71.65089, -107.68599 72.06548, -108.39639 73.08953, -107.51645 73.23598, -106.52259 73.07601, -105.40246 72.67259, -104.77484 71.6984, -104.46476 70.99297, -102.78537 70.49776, -100.98078 70.02432, -101.08929 69.58447, -102.73116 69.50402, -102.09329 69.11962, -102.43024 68.75282, -104.24 68.91, -105.96 69.18, -107.12254 69.11922, -109 68.78, -111.534149 68.630059, -113.3132 68.53554, -113.85496 69.00744, -115.22 69.28, -116.10794 69.16821, -117.34 69.96, -116.67473 70.06655, -115.13112 70.2373, -113.72141 70.19237, -112.4161 70.36638, -114.35 70.6, -116.48684 70.52045, -117.9048 70.54056, -118.43238 70.9092, -116.11311 71.30918, -117.65568 71.2952, -119.40199 71.55859, -118.56267 72.30785, -117.86642 72.70594, -115.18909 73.31459, -114.16717 73.12145)), ((-104.5 73.42, -105.38 72.76, -106.94 73.46, -106.6 73.6, -105.26 73.64, -104.5 73.42)), ((-76.34 73.102685, -76.251404 72.826385, -77.314438 72.855545, -78.39167 72.876656, -79.486252 72.742203, -79.775833 72.802902, -80.876099 73.333183, -80.833885 73.693184, -80.353058 73.75972, -78.064438 73.651932, -76.34 73.102685)), ((-86.562179 73.157447, -85.774371 72.534126, -84.850112 73.340278, -82.31559 73.750951, -80.600088 72.716544, -80.748942 72.061907, -78.770639 72.352173, -77.824624 72.749617, -75.605845 72.243678, -74.228616 71.767144, -74.099141 71.33084, -72.242226 71.556925, -71.200015 70.920013, -68.786054 70.525024, -67.91497 70.121948, -66.969033 69.186087, -68.805123 68.720198, -66.449866 68.067163, -64.862314 67.847539, -63.424934 66.928473, -61.851981 66.862121, -62.163177 66.160251, -63.918444 64.998669, -65.14886 65.426033, -66.721219 66.388041, -68.015016 66.262726, -68.141287 65.689789, -67.089646 65.108455, -65.73208 64.648406, -65.320168 64.382737, -64.669406 63.392927, -65.013804 62.674185, -66.275045 62.945099, -68.783186 63.74567, -67.369681 62.883966, -66.328297 62.280075, -66.165568 61.930897, -68.877367 62.330149, -71.023437 62.910708, -72.235379 63.397836, -71.886278 63.679989, -73.378306 64.193963, -74.834419 64.679076, -74.818503 64.389093, -77.70998 64.229542, -78.555949 64.572906, -77.897281 65.309192, -76.018274 65.326969, -73.959795 65.454765, -74.293883 65.811771, -73.944912 66.310578, -72.651167 67.284576, -72.92606 67.726926, -73.311618 68.069437, -74.843307 68.554627, -76.869101 68.894736, -76.228649 69.147769, -77.28737 69.76954, -78.168634 69.826488, -78.957242 70.16688, -79.492455 69.871808, -81.305471 69.743185, -84.944706 69.966634, -87.060003 70.260001, -88.681713 70.410741, -89.51342 70.762038, -88.467721 71.218186, -89.888151 71.222552, -90.20516 72.235074, -89.436577 73.129464, -88.408242 73.537889, -85.826151 73.803816, -86.562179 73.157447)), ((-100.35642 73.84389, -99.16387 73.63339, -97.38 73.76, -97.12 73.47, -98.05359 72.99052, -96.54 72.56, -96.72 71.66, -98.35966 71.27285, -99.32286 71.35639, -100.01482 71.73827, -102.5 72.51, -102.48 72.83, -100.43836 72.70588, -101.54 73.36, -100.35642 73.84389)), ((-93.196296 72.771992, -94.269047 72.024596, -95.409856 72.061881, -96.033745 72.940277, -96.018268 73.43743, -95.495793 73.862417, -94.503658 74.134907, -92.420012 74.100025, -90.509793 73.856732, -92.003965 72.966244, -93.196296 72.771992)), ((-120.46 71.383602, -123.09219 70.90164, -123.62 71.34, -125.928949 71.868688, -125.5 72.292261, -124.80729 73.02256, -123.94 73.68, -124.91775 74.29275, -121.53788 74.44893, -120.10978 74.24135, -117.55564 74.18577, -116.58442 73.89607, -115.51081 73.47519, -116.76794 73.22292, -119.22 72.52, -120.46 71.82, -120.46 71.383602)), ((-93.612756 74.979997, -94.156909 74.592347, -95.608681 74.666864, -96.820932 74.927623, -96.288587 75.377828, -94.85082 75.647218, -93.977747 75.29649, -93.612756 74.979997)), ((-98.5 76.72, -97.735585 76.25656, -97.704415 75.74344, -98.16 75, -99.80874 74.89744, -100.88366 75.05736, -100.86292 75.64075, -102.50209 75.5638, -102.56552 76.3366, -101.48973 76.30537, -99.98349 76.64634, -98.57699 76.58859, -98.5 76.72)), ((-108.21141 76.20168, -107.81943 75.84552, -106.92893 76.01282, -105.881 75.9694, -105.70498 75.47951, -106.31347 75.00527, -109.7 74.85, -112.22307 74.41696, -113.74381 74.39427, -113.87135 74.72029, -111.79421 75.1625, -116.31221 75.04343, -117.7104 75.2222, -116.34602 76.19903, -115.40487 76.47887, -112.59056 76.14134, -110.81422 75.54919, -109.0671 75.47321, -110.49726 76.42982, -109.5811 76.79417, -108.54859 76.67832, -108.21141 76.20168)), ((-94.684086 77.097878, -93.573921 76.776296, -91.605023 76.778518, -90.741846 76.449597, -90.969661 76.074013, -89.822238 75.847774, -89.187083 75.610166, -87.838276 75.566189, -86.379192 75.482421, -84.789625 75.699204, -82.753445 75.784315, -81.128531 75.713983, -80.057511 75.336849, -79.833933 74.923127, -80.457771 74.657304, -81.948843 74.442459, -83.228894 74.564028, -86.097452 74.410032, -88.15035 74.392307, -89.764722 74.515555, -92.422441 74.837758, -92.768285 75.38682, -92.889906 75.882655, -93.893824 76.319244, -95.962457 76.441381, -97.121379 76.751078, -96.745123 77.161389, -94.684086 77.097878)), ((-116.198587 77.645287, -116.335813 76.876962, -117.106051 76.530032, -118.040412 76.481172, -119.899318 76.053213, -121.499995 75.900019, -122.854924 76.116543, -122.854925 76.116543, -121.157535 76.864508, -119.103939 77.51222, -117.570131 77.498319, -116.198587 77.645287)), ((-93.840003 77.519997, -94.295608 77.491343, -96.169654 77.555111, -96.436304 77.834629, -94.422577 77.820005, -93.720656 77.634331, -93.840003 77.519997)), ((-110.186938 77.697015, -112.051191 77.409229, -113.534279 77.732207, -112.724587 78.05105, -111.264443 78.152956, -109.854452 77.996325, -110.186938 77.697015)), ((-109.663146 78.601973, -110.881314 78.40692, -112.542091 78.407902, -112.525891 78.550555, -111.50001 78.849994, -110.963661 78.804441, -109.663146 78.601973)), ((-95.830295 78.056941, -97.309843 77.850597, -98.124289 78.082857, -98.552868 78.458105, -98.631984 78.87193, -97.337231 78.831984, -96.754399 78.765813, -95.559278 78.418315, -95.830295 78.056941)), ((-100.060192 78.324754, -99.670939 77.907545, -101.30394 78.018985, -102.949809 78.343229, -105.176133 78.380332, -104.210429 78.67742, -105.41958 78.918336, -105.492289 79.301594, -103.529282 79.165349, -100.825158 78.800462, -100.060192 78.324754)), ((-87.02 79.66, -85.81435 79.3369, -87.18756 79.0393, -89.03535 78.28723, -90.80436 78.21533, -92.87669 78.34333, -93.95116 78.75099, -93.93574 79.11373, -93.14524 79.3801, -94.974 79.37248, -96.07614 79.70502, -96.70972 80.15777, -96.01644 80.60233, -95.32345 80.90729, -94.29843 80.97727, -94.73542 81.20646, -92.40984 81.25739, -91.13289 80.72345, -89.45 80.509322, -87.81 80.32, -87.02 79.66)), ((-68.5 83.106322, -65.82735 83.02801, -63.68 82.9, -61.85 82.6286, -61.89388 82.36165, -64.334 81.92775, -66.75342 81.72527, -67.65755 81.50141, -65.48031 81.50657, -67.84 80.9, -69.4697 80.61683, -71.18 79.8, -73.2428 79.63415, -73.88 79.430162, -76.90773 79.32309, -75.52924 79.19766, -76.22046 79.01907, -75.39345 78.52581, -76.34354 78.18296, -77.88851 77.89991, -78.36269 77.50859, -79.75951 77.20968, -79.61965 76.98336, -77.91089 77.022045, -77.88911 76.777955, -80.56125 76.17812, -83.17439 76.45403, -86.11184 76.29901, -87.6 76.42, -89.49068 76.47239, -89.6161 76.95213, -87.76739 77.17833, -88.26 77.9, -87.65 77.970222, -84.97634 77.53873, -86.34 78.18, -87.96192 78.37181, -87.15198 78.75867, -85.37868 78.9969, -85.09495 79.34543, -86.50734 79.73624, -86.93179 80.25145, -84.19844 80.20836, -83.408696 80.1, -81.84823 80.46442, -84.1 80.58, -87.59895 80.51627, -89.36663 80.85569, -90.2 81.26, -91.36786 81.5531, -91.58702 81.89429, -90.1 82.085, -88.93227 82.11751, -86.97024 82.27961, -85.5 82.652273, -84.260005 82.6, -83.18 82.32, -82.42 82.86, -81.1 83.02, -79.30664 83.13056, -76.25 83.172059, -75.71878 83.06404, -72.83153 83.23324, -70.665765 83.169781, -68.5 83.106322)))",Canada,9.0
DEU,"POLYGON ((9.921906 54.983104, 9.93958 54.596642, 10.950112 54.363607, 10.939467 54.008693, 11.956252 54.196486, 12.51844 54.470371, 13.647467 54.075511, 14.119686 53.757029, 14.353315 53.248171, 14.074521 52.981263, 14.4376 52.62485, 14.685026 52.089947, 14.607098 51.745188, 15.016996 51.106674, 14.570718 51.002339, 14.307013 51.117268, 14.056228 50.926918, 13.338132 50.733234, 12.966837 50.484076, 12.240111 50.266338, 12.415191 49.969121, 12.521024 49.547415, 13.031329 49.307068, 13.595946 48.877172, 13.243357 48.416115, 12.884103 48.289146, 13.025851 47.637584, 12.932627 47.467646, 12.62076 47.672388, 12.141357 47.703083, 11.426414 47.523766, 10.544504 47.566399, 10.402084 47.302488, 9.896068 47.580197, 9.594226 47.525058, 8.522612 47.830828, 8.317301 47.61358, 7.466759 47.620582, 7.593676 48.333019, 8.099279 49.017784, 6.65823 49.201958, 6.18632 49.463803, 6.242751 49.902226, 6.043073 50.128052, 6.156658 50.803721, 5.988658 51.851616, 6.589397 51.852029, 6.84287 52.22844, 7.092053 53.144043, 6.90514 53.482162, 7.100425 53.693932, 7.936239 53.748296, 8.121706 53.527792, 8.800734 54.020786, 8.572118 54.395646, 8.526229 54.962744, 9.282049 54.830865, 9.921906 54.983104))",Germany,4399.0
DNK,"MULTIPOLYGON (((12.690006 55.609991, 12.089991 54.800015, 11.043543 55.364864, 10.903914 55.779955, 12.370904 56.111407, 12.690006 55.609991)), ((10.912182 56.458621, 10.667804 56.081383, 10.369993 56.190007, 9.649985 55.469999, 9.921906 54.983104, 9.282049 54.830865, 8.526229 54.962744, 8.120311 55.517723, 8.089977 56.540012, 8.256582 56.809969, 8.543438 57.110003, 9.424469 57.172066, 9.775559 57.447941, 10.580006 57.730017, 10.546106 57.215733, 10.25 56.890016, 10.369993 56.609982, 10.912182 56.458621)))",Denmark,27.0
EGY,"POLYGON ((34.9226 29.50133, 34.64174 29.09942, 34.42655 28.34399, 34.15451 27.8233, 33.92136 27.6487, 33.58811 27.97136, 33.13676 28.41765, 32.42323 29.85108, 32.32046 29.76043, 32.73482 28.70523, 33.34876 27.69989, 34.10455 26.14227, 34.47387 25.59856, 34.79507 25.03375, 35.69241 23.92671, 35.49372 23.75237, 35.52598 23.10244, 36.69069 22.20485, 36.86623 22, 32.9 22, 29.02 22, 25 22, 25 25.6825, 25 29.238655, 24.70007 30.04419, 24.95762 30.6616, 24.80287 31.08929, 25.16482 31.56915, 26.49533 31.58568, 27.45762 31.32126, 28.45048 31.02577, 28.91353 30.87005, 29.68342 31.18686, 30.09503 31.4734, 30.97693 31.55586, 31.68796 31.4296, 31.96041 30.9336, 32.19247 31.26034, 32.99392 31.02407, 33.7734 30.96746, 34.26544 31.21936, 34.9226 29.50133))",Egypt,4.0
ESP,"POLYGON ((-9.034818 41.880571, -8.984433 42.592775, -9.392884 43.026625, -7.97819 43.748338, -6.754492 43.567909, -5.411886 43.57424, -4.347843 43.403449, -3.517532 43.455901, -1.901351 43.422802, -1.502771 43.034014, 0.338047 42.579546, 0.701591 42.795734, 1.826793 42.343385, 2.985999 42.473015, 3.039484 41.89212, 2.091842 41.226089, 0.810525 41.014732, 0.721331 40.678318, 0.106692 40.123934, -0.278711 39.309978, 0.111291 38.738514, -0.467124 38.292366, -0.683389 37.642354, -1.438382 37.443064, -2.146453 36.674144, -3.415781 36.6589, -4.368901 36.677839, -4.995219 36.324708, -5.37716 35.94685, -5.866432 36.029817, -6.236694 36.367677, -6.520191 36.942913, -7.453726 37.097788, -7.537105 37.428904, -7.166508 37.803894, -7.029281 38.075764, -7.374092 38.373059, -7.098037 39.030073, -7.498632 39.629571, -7.066592 39.711892, -7.026413 40.184524, -6.86402 40.330872, -6.851127 41.111083, -6.389088 41.381815, -6.668606 41.883387, -7.251309 41.918346, -7.422513 41.792075, -8.013175 41.790886, -8.263857 42.280469, -8.671946 42.134689, -9.034818 41.880571))",Spain,18867.0
FRA,"MULTIPOLYGON (((-52.556425 2.504705, -52.939657 2.124858, -53.418465 2.053389, -53.554839 2.334897, -53.778521 2.376703, -54.088063 2.105557, -54.524754 2.311849, -54.27123 2.738748, -54.184284 3.194172, -54.011504 3.62257, -54.399542 4.212611, -54.478633 4.896756, -53.958045 5.756548, -53.618453 5.646529, -52.882141 5.409851, -51.823343 4.565768, -51.657797 4.156232, -52.249338 3.241094, -52.556425 2.504705)), ((9.560016 42.152492, 9.229752 41.380007, 8.775723 41.583612, 8.544213 42.256517, 8.746009 42.628122, 9.390001 43.009985, 9.560016 42.152492)), ((3.588184 50.378992, 4.286023 49.907497, 4.799222 49.985373, 5.674052 49.529484, 5.897759 49.442667, 6.18632 49.463803, 6.65823 49.201958, 8.099279 49.017784, 7.593676 48.333019, 7.466759 47.620582, 7.192202 47.449766, 6.736571 47.541801, 6.768714 47.287708, 6.037389 46.725779, 6.022609 46.27299, 6.5001 46.429673, 6.843593 45.991147, 6.802355 45.70858, 7.096652 45.333099, 6.749955 45.028518, 7.007562 44.254767, 7.549596 44.127901, 7.435185 43.693845, 6.529245 43.128892, 4.556963 43.399651, 3.100411 43.075201, 2.985999 42.473015, 1.826793 42.343385, 0.701591 42.795734, 0.338047 42.579546, -1.502771 43.034014, -1.901351 43.422802, -1.384225 44.02261, -1.193798 46.014918, -2.225724 47.064363, -2.963276 47.570327, -4.491555 47.954954, -4.59235 48.68416, -3.295814 48.901692, -1.616511 48.644421, -1.933494 49.776342, -0.989469 49.347376, 1.338761 50.127173, 1.639001 50.946606, 2.513573 51.148506, 2.658422 50.796848, 3.123252 50.780363, 3.588184 50.378992)))",France,23230.0
HUN,"POLYGON ((16.202298 46.852386, 16.534268 47.496171, 16.340584 47.712902, 16.903754 47.714866, 16.979667 48.123497, 17.488473 47.867466, 17.857133 47.758429, 18.696513 47.880954, 18.777025 48.081768, 19.174365 48.111379, 19.661364 48.266615, 19.769471 48.202691, 20.239054 48.327567, 20.473562 48.56285, 20.801294 48.623854, 21.872236 48.319971, 22.085608 48.422264, 22.64082 48.15024, 22.710531 47.882194, 22.099768 47.672439, 21.626515 46.994238, 21.021952 46.316088, 20.220192 46.127469, 19.596045 46.17173, 18.829838 45.908878, 18.456062 45.759481, 17.630066 45.951769, 16.882515 46.380632, 16.564808 46.503751, 16.370505 46.841327, 16.202298 46.852386))",Hungary,254.0
IDN,"MULTIPOLYGON (((120.715609 -10.239581, 120.295014 -10.25865, 118.967808 -9.557969, 119.90031 -9.36134, 120.425756 -9.665921, 120.775502 -9.969675, 120.715609 -10.239581)), ((124.43595 -10.140001, 123.579982 -10.359987, 123.459989 -10.239995, 123.550009 -9.900016, 123.980009 -9.290027, 124.968682 -8.89279, 125.07002 -9.089987, 125.08852 -9.393173, 124.43595 -10.140001)), ((117.900018 -8.095681, 118.260616 -8.362383, 118.87846 -8.280683, 119.126507 -8.705825, 117.970402 -8.906639, 117.277731 -9.040895, 116.740141 -9.032937, 117.083737 -8.457158, 117.632024 -8.449303, 117.900018 -8.095681)), ((122.903537 -8.094234, 122.756983 -8.649808, 121.254491 -8.933666, 119.924391 -8.810418, 119.920929 -8.444859, 120.715092 -8.236965, 121.341669 -8.53674, 122.007365 -8.46062, 122.903537 -8.094234)), ((108.623479 -6.777674, 110.539227 -6.877358, 110.759576 -6.465186, 112.614811 -6.946036, 112.978768 -7.594213, 114.478935 -7.776528, 115.705527 -8.370807, 114.564511 -8.751817, 113.464734 -8.348947, 112.559672 -8.376181, 111.522061 -8.302129, 110.58615 -8.122605, 109.427667 -7.740664, 108.693655 -7.6416, 108.277763 -7.766657, 106.454102 -7.3549, 106.280624 -6.9249, 105.365486 -6.851416, 106.051646 -5.895919, 107.265009 -5.954985, 108.072091 -6.345762, 108.486846 -6.421985, 108.623479 -6.777674)), ((134.724624 -6.214401, 134.210134 -6.895238, 134.112776 -6.142467, 134.290336 -5.783058, 134.499625 -5.445042, 134.727002 -5.737582, 134.724624 -6.214401)), ((127.249215 -3.459065, 126.874923 -3.790983, 126.183802 -3.607376, 125.989034 -3.177273, 127.000651 -3.129318, 127.249215 -3.459065)), ((130.471344 -3.093764, 130.834836 -3.858472, 129.990547 -3.446301, 129.155249 -3.362637, 128.590684 -3.428679, 127.898891 -3.393436, 128.135879 -2.84365, 129.370998 -2.802154, 130.471344 -3.093764)), ((134.143368 -1.151867, 134.422627 -2.769185, 135.457603 -3.367753, 136.293314 -2.307042, 137.440738 -1.703513, 138.329727 -1.702686, 139.184921 -2.051296, 139.926684 -2.409052, 141.00021 -2.600151, 141.017057 -5.859022, 141.033852 -9.117893, 140.143415 -8.297168, 139.127767 -8.096043, 138.881477 -8.380935, 137.614474 -8.411683, 138.039099 -7.597882, 138.668621 -7.320225, 138.407914 -6.232849, 137.92784 -5.393366, 135.98925 -4.546544, 135.164598 -4.462931, 133.66288 -3.538853, 133.367705 -4.024819, 132.983956 -4.112979, 132.756941 -3.746283, 132.753789 -3.311787, 131.989804 -2.820551, 133.066845 -2.460418, 133.780031 -2.479848, 133.696212 -2.214542, 132.232373 -2.212526, 131.836222 -1.617162, 130.94284 -1.432522, 130.519558 -0.93772, 131.867538 -0.695461, 132.380116 -0.369538, 133.985548 -0.78021, 134.143368 -1.151867)), ((125.240501 1.419836, 124.437035 0.427881, 123.685505 0.235593, 122.723083 0.431137, 121.056725 0.381217, 120.183083 0.237247, 120.04087 -0.519658, 120.935905 -1.408906, 121.475821 -0.955962, 123.340565 -0.615673, 123.258399 -1.076213, 122.822715 -0.930951, 122.38853 -1.516858, 121.508274 -1.904483, 122.454572 -3.186058, 122.271896 -3.5295, 123.170963 -4.683693, 123.162333 -5.340604, 122.628515 -5.634591, 122.236394 -5.282933, 122.719569 -4.464172, 121.738234 -4.851331, 121.489463 -4.574553, 121.619171 -4.188478, 120.898182 -3.602105, 120.972389 -2.627643, 120.305453 -2.931604, 120.390047 -4.097579, 120.430717 -5.528241, 119.796543 -5.6734, 119.366906 -5.379878, 119.653606 -4.459417, 119.498835 -3.494412, 119.078344 -3.487022, 118.767769 -2.801999, 119.180974 -2.147104, 119.323394 -1.353147, 119.825999 0.154254, 120.035702 0.566477, 120.885779 1.309223, 121.666817 1.013944, 122.927567 0.875192, 124.077522 0.917102, 125.065989 1.643259, 125.240501 1.419836)), ((128.688249 1.132386, 128.635952 0.258486, 128.12017 0.356413, 127.968034 -0.252077, 128.379999 -0.780004, 128.100016 -0.899996, 127.696475 -0.266598, 127.39949 1.011722, 127.600512 1.810691, 127.932378 2.174596, 128.004156 1.628531, 128.594559 1.540811, 128.688249 1.132386)), ((117.875627 1.827641, 118.996747 0.902219, 117.811858 0.784242, 117.478339 0.102475, 117.521644 -0.803723, 116.560048 -1.487661, 116.533797 -2.483517, 116.148084 -4.012726, 116.000858 -3.657037, 114.864803 -4.106984, 114.468652 -3.495704, 113.755672 -3.43917, 113.256994 -3.118776, 112.068126 -3.478392, 111.703291 -2.994442, 111.04824 -3.049426, 110.223846 -2.934032, 110.070936 -1.592874, 109.571948 -1.314907, 109.091874 -0.459507, 108.952658 0.415375, 109.069136 1.341934, 109.66326 2.006467, 109.830227 1.338136, 110.514061 0.773131, 111.159138 0.976478, 111.797548 0.904441, 112.380252 1.410121, 112.859809 1.49779, 113.80585 1.217549, 114.621355 1.430688, 115.134037 2.821482, 115.519078 3.169238, 115.865517 4.306559, 117.015214 4.306094, 117.882035 4.137551, 117.313232 3.234428, 118.04833 2.28769, 117.875627 1.827641)), ((105.817655 -5.852356, 104.710384 -5.873285, 103.868213 -5.037315, 102.584261 -4.220259, 102.156173 -3.614146, 101.399113 -2.799777, 100.902503 -2.050262, 100.141981 -0.650348, 99.26374 0.183142, 98.970011 1.042882, 98.601351 1.823507, 97.699598 2.453184, 97.176942 3.308791, 96.424017 3.86886, 95.380876 4.970782, 95.293026 5.479821, 95.936863 5.439513, 97.484882 5.246321, 98.369169 4.26837, 99.142559 3.59035, 99.693998 3.174329, 100.641434 2.099381, 101.658012 2.083697, 102.498271 1.3987, 103.07684 0.561361, 103.838396 0.104542, 103.437645 -0.711946, 104.010789 -1.059212, 104.369991 -1.084843, 104.53949 -1.782372, 104.887893 -2.340425, 105.622111 -2.428844, 106.108593 -3.061777, 105.857446 -4.305525, 105.817655 -5.852356)))",Indonesia,207.0
ISL,"POLYGON ((-14.508695 66.455892, -14.739637 65.808748, -13.609732 65.126671, -14.909834 64.364082, -17.794438 63.678749, -18.656246 63.496383, -19.972755 63.643635, -22.762972 63.960179, -21.778484 64.402116, -23.955044 64.89113, -22.184403 65.084968, -22.227423 65.378594, -24.326184 65.611189, -23.650515 66.262519, -22.134922 66.410469, -20.576284 65.732112, -19.056842 66.276601, -17.798624 65.993853, -16.167819 66.526792, -14.508695 66.455892))",Iceland,8.0
ITA,"MULTIPOLYGON (((15.520376 38.231155, 15.160243 37.444046, 15.309898 37.134219, 15.099988 36.619987, 14.335229 36.996631, 13.826733 37.104531, 12.431004 37.61295, 12.570944 38.126381, 13.741156 38.034966, 14.761249 38.143874, 15.520376 38.231155)), ((9.210012 41.209991, 9.809975 40.500009, 9.669519 39.177376, 9.214818 39.240473, 8.806936 38.906618, 8.428302 39.171847, 8.388253 40.378311, 8.159998 40.950007, 8.709991 40.899984, 9.210012 41.209991)), ((12.376485 46.767559, 13.806475 46.509306, 13.69811 46.016778, 13.93763 45.591016, 13.141606 45.736692, 12.328581 45.381778, 12.383875 44.885374, 12.261453 44.600482, 12.589237 44.091366, 13.526906 43.587727, 14.029821 42.761008, 15.14257 41.95514, 15.926191 41.961315, 16.169897 41.740295, 15.889346 41.541082, 16.785002 41.179606, 17.519169 40.877143, 18.376687 40.355625, 18.480247 40.168866, 18.293385 39.810774, 17.73838 40.277671, 16.869596 40.442235, 16.448743 39.795401, 17.17149 39.4247, 17.052841 38.902871, 16.635088 38.843572, 16.100961 37.985899, 15.684087 37.908849, 15.687963 38.214593, 15.891981 38.750942, 16.109332 38.964547, 15.718814 39.544072, 15.413613 40.048357, 14.998496 40.172949, 14.703268 40.60455, 14.060672 40.786348, 13.627985 41.188287, 12.888082 41.25309, 12.106683 41.704535, 11.191906 42.355425, 10.511948 42.931463, 10.200029 43.920007, 9.702488 44.036279, 8.888946 44.366336, 8.428561 44.231228, 7.850767 43.767148, 7.435185 43.693845, 7.549596 44.127901, 7.007562 44.254767, 6.749955 45.028518, 7.096652 45.333099, 6.802355 45.70858, 6.843593 45.991147, 7.273851 45.776948, 7.755992 45.82449, 8.31663 46.163642, 8.489952 46.005151, 8.966306 46.036932, 9.182882 46.440215, 9.922837 46.314899, 10.363378 46.483571, 10.442701 46.893546, 11.048556 46.751359, 11.164828 46.941579, 12.153088 47.115393, 12.376485 46.767559)))",Italy,3227.0
LUX,"POLYGON ((6.043073 50.128052, 6.242751 49.902226, 6.18632 49.463803, 5.897759 49.442667, 5.674052 49.529484, 5.782417 50.090328, 6.043073 50.128052))",Luxembourg,42.0
NLD,"POLYGON ((6.074183 53.510403, 6.90514 53.482162, 7.092053 53.144043, 6.84287 52.22844, 6.589397 51.852029, 5.988658 51.851616, 6.156658 50.803721, 5.606976 51.037298, 4.973991 51.475024, 4.047071 51.267259, 3.314971 51.345755, 3.830289 51.620545, 4.705997 53.091798, 6.074183 53.510403))",Netherlands,249.0
NZL,"MULTIPOLYGON (((173.020375 -40.919052, 173.247234 -41.331999, 173.958405 -40.926701, 174.247587 -41.349155, 174.248517 -41.770008, 173.876447 -42.233184, 173.22274 -42.970038, 172.711246 -43.372288, 173.080113 -43.853344, 172.308584 -43.865694, 171.452925 -44.242519, 171.185138 -44.897104, 170.616697 -45.908929, 169.831422 -46.355775, 169.332331 -46.641235, 168.411354 -46.619945, 167.763745 -46.290197, 166.676886 -46.219917, 166.509144 -45.852705, 167.046424 -45.110941, 168.303763 -44.123973, 168.949409 -43.935819, 169.667815 -43.555326, 170.52492 -43.031688, 171.12509 -42.512754, 171.569714 -41.767424, 171.948709 -41.514417, 172.097227 -40.956104, 172.79858 -40.493962, 173.020375 -40.919052)), ((174.612009 -36.156397, 175.336616 -37.209098, 175.357596 -36.526194, 175.808887 -36.798942, 175.95849 -37.555382, 176.763195 -37.881253, 177.438813 -37.961248, 178.010354 -37.579825, 178.517094 -37.695373, 178.274731 -38.582813, 177.97046 -39.166343, 177.206993 -39.145776, 176.939981 -39.449736, 177.032946 -39.879943, 176.885824 -40.065978, 176.508017 -40.604808, 176.01244 -41.289624, 175.239567 -41.688308, 175.067898 -41.425895, 174.650973 -41.281821, 175.22763 -40.459236, 174.900157 -39.908933, 173.824047 -39.508854, 173.852262 -39.146602, 174.574802 -38.797683, 174.743474 -38.027808, 174.697017 -37.381129, 174.292028 -36.711092, 174.319004 -36.534824, 173.840997 -36.121981, 173.054171 -35.237125, 172.636005 -34.529107, 173.007042 -34.450662, 173.551298 -35.006183, 174.32939 -35.265496, 174.612009 -36.156397)))",New Zealand,8.0
PRT,"POLYGON ((-9.034818 41.880571, -8.671946 42.134689, -8.263857 42.280469, -8.013175 41.790886, -7.422513 41.792075, -7.251309 41.918346, -6.668606 41.883387, -6.389088 41.381815, -6.851127 41.111083, -6.86402 40.330872, -7.026413 40.184524, -7.066592 39.711892, -7.498632 39.629571, -7.098037 39.030073, -7.374092 38.373059, -7.029281 38.075764, -7.166508 37.803894, -7.537105 37.428904, -7.453726 37.097788, -7.855613 36.838269, -8.382816 36.97888, -8.898857 36.868809, -8.746101 37.651346, -8.839998 38.266243, -9.287464 38.358486, -9.526571 38.737429, -9.446989 39.392066, -9.048305 39.755093, -8.977353 40.159306, -8.768684 40.760639, -8.790853 41.184334, -8.990789 41.543459, -9.034818 41.880571))",Portugal,181.0
